raw_station_name,canonical_station_name,station_key,line_code
(APPROACHING) KENNEDY,Kennedy,ST_066,BD
1 ST CLAIR AVENUE EAST,St. Clair,ST_008,YU
1 TIPPETT ROAD,Unknown,ST_000,YU
111 SPADINA ROAD,Spadina,ST_024,YU
1900 YONGE MCBRIEN BLD,Davisville,ST_007,YU
1900 YONGE ST- MCBRIEN,Davisville,ST_007,YU
1900 YONGE STREET,Davisville,ST_007,YU
2233 SHEPPARD WEST,Sheppard West,ST_032,YU
250 BLOOR ST E,Bloor-Yonge,ST_011,YU
391 ALLIANCE,Unknown,ST_000,YU
ALL OPEN CUT AREA,Unknown,ST_000,YU
ALL OPEN CUTS,Unknown,ST_000,YU
ALL STATIONS,Unknown,ST_000,YU
ALLEN ROAD AND EGLINTO,Eglinton,ST_006,YU
APPROACHING DUNDAS WES,Dundas West,ST_047,BD
APPROACHING FINCH STAT,Finch,ST_001,YU
APPROACHING OLD MILL S,Old Mill,ST_042,BD
APPROCHING OLD MILL ST,Old Mill,ST_042,BD
ARROW GARAGE,Unknown,ST_000,YU
ASQUITH SUBSTATION,Unknown,ST_000,YU
AVENUE ECLRT STATION,Unknown,ST_000,YU
AVENUE STATION,Unknown,ST_000,YU
B/W BLOOR DANFORTH SUB,Bloor-Yonge,ST_011,YU
BATHURST STATION,Bathurst,ST_052,BD
BATHURST TO CASTLE FRA,Bathurst,ST_052,BD
BATHURST TO CHRISTIE,Bathurst,ST_052,BD
BATHUST TO PAPE STATIO,Bathurst,ST_052,BD
BAY AND BLOOR,Bay,ST_053,BD
BAY LOWER,Bay,ST_053,BD
BAY LOWER STATION,Bay,ST_053,BD
BAY STATION,Bay,ST_053,BD
BAY STATION TO PAPE ST,Bay,ST_053,BD
BAYVIEW STATION,Bayview,ST_067,SHP
BAYVIEW SUBSTATION,Bayview,ST_067,SHP
BAYVIEW TO BESSARION,Bayview,ST_067,SHP
BD LINE CHANGEOVERS,Unknown,ST_000,BD
BESSARION STATION,Bessarion,ST_068,SHP
BETWEEN SHEPPARD AND S,Sheppard-Yonge,ST_003,YU
BETWEEN SHERBOURNE AND,Sherbourne,ST_054,BD
BETWEEN WARDEN STATION,Warden,ST_065,BD
BIRCHMOUNT DIVISION,Kennedy,ST_066,BD
BIRCHMOUNT EE,Kennedy,ST_066,BD
BIRCHMOUNT EMERGENCY E,Kennedy,ST_066,BD
BLOOR / DANFORTH LINE,Bloor-Yonge,ST_011,YU
BLOOR DANFORTH LINE,Bloor-Yonge,ST_011,YU
BLOOR DANFORTH LINE 2,Bloor-Yonge,ST_011,YU
BLOOR DANFORTH SUBWAY,Bloor-Yonge,ST_011,YU
BLOOR DANFORTHLINE,Bloor-Yonge,ST_011,YU
BLOOR HUB,Bloor-Yonge,ST_011,YU
BLOOR SATION,Bloor-Yonge,ST_011,YU
BLOOR STATION,Bloor-Yonge,ST_011,YU
BLOOR STATION - YONGE,Bloor-Yonge,ST_011,YU
BLOOR STATION TO YORK,Bloor-Yonge,ST_011,YU
BLOOR STATION-DUNDAS S,Bloor-Yonge,ST_011,YU
BLOOR TO DAVISVILLE ST,Bloor-Yonge,ST_011,YU
BLOOR TO MUSUEM STATIO,Bloor-Yonge,ST_011,YU
BLOOR TO ROSEDALE STAT,Bloor-Yonge,ST_011,YU
BLOOR VIADUCT,Broadview,ST_056,BD
BLOOR YONGE,Bloor-Yonge,ST_011,YU
BLOOR YU / YONGE BD ST,Bloor-Yonge,ST_011,BD
BLOOR-DANFORTH,Bloor-Yonge,ST_011,YU
BLOOR-DANFORTH LINE,Bloor-Yonge,ST_011,YU
BLOOR-DANFORTH SUBWAY,Bloor-Yonge,ST_011,YU
BLOOR/DANFORTH AND YON,Bloor-Yonge,ST_011,YU
BLOOR/DANFORTH LINE,Bloor-Yonge,ST_011,YU
BLOOR/YONGE,Bloor-Yonge,ST_011,YU
BRAODVIEW STATION TO W,Broadview,ST_056,BD
BROADVIEW AND DANFORTH,Broadview,ST_056,BD
BROADVIEW AND ST GEORG,Broadview,ST_056,BD
BROADVIEW CENTRE TRACK,Broadview,ST_056,BD
BROADVIEW STATION,Broadview,ST_056,BD
BROADVIEW STATION (LEA,Broadview,ST_056,BD
BROADVIEW STATION TO S,Broadview,ST_056,BD
BROADVIEW STATION TO W,Broadview,ST_056,BD
BROADVIEW TO CHESTER S,Broadview,ST_056,BD
BROADVIEW TO SCARBOROU,Broadview,ST_056,BD
BROADVIEW TO ST GEORGE,Broadview,ST_056,BD
BROADVIEW TO WOODBINE,Broadview,ST_056,BD
"BROADVIEW, CASTLE FRAN",Broadview,ST_056,BD
BUCHAN ESB,Unknown,ST_000,SHP
CALENDONIA STATION,Eglinton West,ST_027,YU
CASTLE FRANK - BROADVI,Castle Frank,ST_055,BD
CASTLE FRANK STATION,Castle Frank,ST_055,BD
CEDARVALE YU STATION,Eglinton West,ST_027,YU
CELEDONIA STATION,Eglinton West,ST_027,YU
CHANGE OVERS,Unknown,ST_000,BD
CHANGE OVERS LINE TWO,Unknown,ST_000,BD
CHESTER CENTRE TRACK,Chester,ST_057,BD
CHESTER STATION,Chester,ST_057,BD
CHRISTIE - ST GEORGE S,St. George,ST_023,YU
CHRISTIE CENTER,Christie,ST_051,BD
CHRISTIE CENTRE TRACK,Christie,ST_051,BD
CHRISTIE STATION,Christie,ST_051,BD
CHRISTIE STATION (LEAV,Christie,ST_051,BD
CHRISTIE STATION TO CH,Christie,ST_051,BD
CHRISTIE STATION TO PA,Christie,ST_051,BD
CHRISTIE TO PAPE STATI,Christie,ST_051,BD
CHRSTIE TO PAPE STATIO,Christie,ST_051,BD
CHURCH EE,Unknown,ST_000,YU
CLANTON PARK,Unknown,ST_000,YU
CLANTON PORTAL TO EGLI,Unknown,ST_000,YU
CLOSURE FINCH TO ST CL,Finch,ST_001,YU
CLOSURE- VICTORIA PARK,Victoria Park,ST_064,BD
CNE EAST LOOP,Unknown,ST_000,YU
COLLEGE AND OSGOODE ST,College,ST_013,YU
COLLEGE AND WELLESLEY,College,ST_013,YU
COLLEGE STATION,College,ST_013,YU
COLLEGE STATION LEAVIN,College,ST_013,YU
COLLEGE STATION TO OSG,College,ST_013,YU
COLLEGE TO KING,College,ST_013,YU
COLLEGE TO OSGOODE LIN,College,ST_013,YU
COLLEGE TO SHEPPARD,College,ST_013,YU
COLLEGE TO ST CLAIR,College,ST_013,YU
COLLEGE TO ST.CLAIR ST,College,ST_013,YU
COXWELL STATION,Coxwell,ST_061,BD
COXWELL STATION APPROA,Coxwell,ST_061,BD
COXWELL TO GREENWOOD Y,Coxwell,ST_061,BD
COXWELL TO KENNEDY,Coxwell,ST_061,BD
DANFORTH,Broadview,ST_056,BD
DANFORTH DIVISION,Broadview,ST_056,BD
DANFORTH DIVSION,Broadview,ST_056,BD
DAVISVILLE - ST. CLAIR,Davisville,ST_007,YU
DAVISVILLE BUILD UP,Davisville,ST_007,YU
DAVISVILLE BUILD-UP,Davisville,ST_007,YU
DAVISVILLE BUILDUP,Davisville,ST_007,YU
DAVISVILLE CAR HOUSE,Davisville,ST_007,YU
DAVISVILLE CARHOUSE,Davisville,ST_007,YU
DAVISVILLE OFFICES,Davisville,ST_007,YU
DAVISVILLE STATION,Davisville,ST_007,YU
DAVISVILLE STATION (AP,Davisville,ST_007,YU
DAVISVILLE STATION (BU,Davisville,ST_007,YU
DAVISVILLE STATION - B,Davisville,ST_007,YU
DAVISVILLE STATION BUI,Davisville,ST_007,YU
DAVISVILLE STATION TO,Davisville,ST_007,YU
DAVISVILLE STRUCTURE,Davisville,ST_007,YU
DAVISVILLE TO EGLINTON,Davisville,ST_007,YU
DAVISVILLE TO LAWRENCE,Davisville,ST_007,YU
DAVISVILLE TO ROSEDALE,Davisville,ST_007,YU
DAVISVILLE TRACK & STR,Davisville,ST_007,YU
DAVISVILLE TRACK AND S,Davisville,ST_007,YU
DAVISVILLE YARD,Davisville,ST_007,YU
DAVISVILLE YARD (APPRO,Davisville,ST_007,YU
DAVISVILLE YARD / TRAC,Davisville,ST_007,YU
DON MILLS STATION,Don Mills,ST_070,SHP
DON MILLS STATION (LEA,Don Mills,ST_070,SHP
DON MILLS STATION- PLA,Don Mills,ST_070,SHP
DONLANDS STATION,Donlands,ST_059,BD
DONLANDS TO GREENWOD Y,Donlands,ST_059,BD
DONLANDS TO GREENWOOD,Donlands,ST_059,BD
DOWNSVIEW PARK STATION,Downsview Park,ST_033,YU
DOWNSVIEW SUB STATION,Sheppard West,ST_032,YU
DOWNVIEW PARK STATION,Downsview Park,ST_033,YU
DOWNVIEW PARK STN - UN,Downsview Park,ST_033,YU
DUFFERIN AND BLOOR,Dufferin,ST_049,BD
DUFFERIN AND DUFFERIN,Dufferin,ST_049,BD
DUFFERIN STATION,Dufferin,ST_049,BD
DUFFERIN STATON,Dufferin,ST_049,BD
DUFFERIN TO KIPLING,Dufferin,ST_049,BD
DUNCAN BUILDING,St. Andrew,ST_018,YU
DUNCAN SHOP,St. Andrew,ST_018,YU
DUNCAN SHOPS,St. Andrew,ST_018,YU
DUNCAN SHOPS BRAKE SEC,St. Andrew,ST_018,YU
DUNCAN SUBSTATION,St. Andrew,ST_018,YU
DUNCAN WAREHOUSE,St. Andrew,ST_018,YU
DUNDAS STATION,Dundas,ST_014,YU
DUNDAS STATION TO EGLI,Dundas,ST_014,YU
DUNDAS STATION W/S,Dundas,ST_014,YU
DUNDAS STATION/SUMMERH,Dundas,ST_014,YU
DUNDAS TO FINCH,Dundas,ST_014,YU
DUNDAS TO FINCH STATIO,Dundas,ST_014,YU
DUNDAS WEST STATION,Dundas West,ST_047,BD
DUNDAS WEST TO KEELE S,Dundas West,ST_047,BD
DUPONT STATION,Dupont,ST_025,YU
DUPONT STATION TO EGLI,Dupont,ST_025,YU
DUPONT STATION TO SPAD,Dupont,ST_025,YU
DUPONT TO SPADINA,Dupont,ST_025,YU
DUPONT TO ST CLAIR WES,Dupont,ST_025,YU
DUPONT TO ST GEORGE,Dupont,ST_025,YU
E/O WARDEN TO W/O VICT,Warden,ST_065,BD
E/O WARDEN TO W/O WARD,Warden,ST_065,BD
EA BLOOR DANFORTH OSSI,Bloor-Yonge,ST_011,YU
EA CLOSURE SHEPPARD WE,Sheppard West,ST_032,YU
EA SHEPPARD WEST TO ST,Sheppard West,ST_032,YU
EARLY ACCESS CLOSURE F,Unknown,ST_000,YU
EARLY ACCESS CLOSURE S,Unknown,ST_000,YU
EARLY CLOSURE,Unknown,ST_000,YU
EARLY CLOSURE - YONGE,Unknown,ST_000,YU
EARLY CLOSURE KING TO,King,ST_016,YU
EARLY CLOSURE LINE 1 Y,Unknown,ST_000,YU
EARLY CLOSURE: KIPLING,Kipling,ST_039,BD
EARLY SUBWAY CLOSURE:,Unknown,ST_000,YU
EATON CENTRE,Unknown,ST_000,YU
EATON CENTRE - DUNDAS,Dundas,ST_014,YU
EGLINTON (MIGRATION),Eglinton,ST_006,YU
EGLINTON - SCARBOROUGH,Scarborough Centre,ST_074,SRT
EGLINTON BUS TERMINAL,Eglinton,ST_006,YU
EGLINTON GARAGE,Eglinton,ST_006,YU
EGLINTON MIGRATION,Eglinton,ST_006,YU
EGLINTON MIGRATION POI,Eglinton,ST_006,YU
EGLINTON PSUDO STATION,Eglinton,ST_006,YU
EGLINTON STAION,Eglinton,ST_006,YU
EGLINTON STATION,Eglinton,ST_006,YU
EGLINTON STATION (APPR,Eglinton,ST_006,YU
EGLINTON STATION (MIGR,Eglinton,ST_006,YU
EGLINTON STATION (SOUT,Eglinton,ST_006,YU
EGLINTON STATION - FIN,Eglinton,ST_006,YU
EGLINTON STATION - MIG,Eglinton,ST_006,YU
EGLINTON STATION APPRO,Eglinton,ST_006,YU
EGLINTON STATION TO CO,Eglinton,ST_006,YU
EGLINTON STATION TO FI,Eglinton,ST_006,YU
EGLINTON STATION TO SH,Eglinton,ST_006,YU
EGLINTON STATION TO ST,Eglinton,ST_006,YU
EGLINTON STATION TO VA,Eglinton,ST_006,YU
EGLINTON STATION TO YO,Eglinton,ST_006,YU
EGLINTON STN,Eglinton,ST_006,YU
EGLINTON TO COLLEGE,Eglinton,ST_006,YU
EGLINTON TO COLLEGE ST,Eglinton,ST_006,YU
EGLINTON TO DAVISVILLE,Eglinton,ST_006,YU
EGLINTON TO FINCH,Eglinton,ST_006,YU
EGLINTON TO FINCH STAT,Eglinton,ST_006,YU
EGLINTON TO LAWRENCE,Eglinton,ST_006,YU
EGLINTON TO LAWRENCE S,Eglinton,ST_006,YU
EGLINTON TO SHEPPARD S,Eglinton,ST_006,YU
EGLINTON TO SHEPPARD-Y,Eglinton,ST_006,YU
EGLINTON TO ST CLAIR S,Eglinton,ST_006,YU
EGLINTON TO UNION,Eglinton,ST_006,YU
EGLINTON TO UNION STA,Eglinton,ST_006,YU
EGLINTON TO UNION STAT,Eglinton,ST_006,YU
EGLINTON TO YORK MILLS,Eglinton,ST_006,YU
EGLINTON WEST - SHEPPA,Eglinton West,ST_027,YU
EGLINTON WEST SATION,Eglinton West,ST_027,YU
EGLINTON WEST STATION,Eglinton West,ST_027,YU
EGLINTON YARD,Eglinton,ST_006,YU
ELLESMERE STATION,Ellesmere,ST_072,SRT
ENTERING END - CASTLE,Unknown,ST_000,BD
FICNH STATION,Finch,ST_001,YU
FINCH STATION,Finch,ST_001,YU
FINCH STATION ( PLAT 2,Finch,ST_001,YU
FINCH STATION (PLAT #2,Finch,ST_001,YU
FINCH STATION (PLATFOR,Finch,ST_001,YU
FINCH STATION - PLATFO,Finch,ST_001,YU
FINCH STATION BUS BAY,Finch,ST_001,YU
FINCH STATION PLATFORM,Finch,ST_001,YU
FINCH STATION TO EGLIN,Finch,ST_001,YU
FINCH STATION TO ST CL,Finch,ST_001,YU
FINCH STATION TO ST GE,Finch,ST_001,YU
FINCH STATION TO ST. C,Finch,ST_001,YU
FINCH STATION- PLAT 1,Finch,ST_001,YU
FINCH STATION- PLATFOR,Finch,ST_001,YU
FINCH STN 39 BUS PLATF,Finch,ST_001,YU
FINCH TAIL,Finch,ST_001,YU
FINCH TO EGLINTON,Finch,ST_001,YU
FINCH TO EGLINTON STAT,Finch,ST_001,YU
FINCH TO MUSEUM,Finch,ST_001,YU
FINCH TO QUEENS PARK S,Finch,ST_001,YU
FINCH TO ST CLAIR,Finch,ST_001,YU
FINCH TO ST CLAIR STAT,Finch,ST_001,YU
FINCH TO ST CLAIR WEST,Finch,ST_001,YU
FINCH TO ST. CLAIR,Finch,ST_001,YU
FINCH TO UNION,Finch,ST_001,YU
FINCH TO VMC,Finch,ST_001,YU
FINCH TO WILSON,Finch,ST_001,YU
FINCH TOWER,Finch,ST_001,YU
FINCH WEST CENTER TRAC,Finch West,ST_034,YU
FINCH WEST STATION,Finch West,ST_034,YU
FINCH WEST STATION (AP,Finch West,ST_034,YU
FINCH WEST STATION (EN,Finch West,ST_034,YU
FINCH WEST TO PIONEER,Finch West,ST_034,YU
FINCH WEST TO SHEPPARD,Finch West,ST_034,YU
FINCH WEST TO VMC,Finch West,ST_034,YU
FINCH WEST TO VMC STAT,Finch West,ST_034,YU
GLENAYR EMERGENCY EXIT,Unknown,ST_000,YU
GLENCAIRN STATION,Glencairn,ST_028,YU
GLENCARIN STATION,Glencairn,ST_028,YU
GO PROTOCOL - DANFORTH,Unknown,ST_000,BD
"GO PROTOCOL - UNION, D",Union,ST_017,YU
GREEENWOOD YARD,Greenwood,ST_060,BD
GREENWOOD AND DANFORTH,Greenwood,ST_060,BD
GREENWOOD CAR HOUSE,Greenwood,ST_060,BD
GREENWOOD CARHOUSE,Greenwood,ST_060,BD
GREENWOOD CARHOUSE - T,Greenwood,ST_060,BD
GREENWOOD COMPLEX,Greenwood,ST_060,BD
GREENWOOD COMPLEX - TR,Greenwood,ST_060,BD
GREENWOOD GATEHOUSE,Greenwood,ST_060,BD
GREENWOOD PLANT BUILDI,Greenwood,ST_060,BD
GREENWOOD PORTAL,Greenwood,ST_060,BD
GREENWOOD SHOP,Greenwood,ST_060,BD
GREENWOOD SHOPS,Greenwood,ST_060,BD
GREENWOOD SHOPS - 41 T,Greenwood,ST_060,BD
GREENWOOD SHOPS TRACK,Greenwood,ST_060,BD
GREENWOOD SHOPS.,Greenwood,ST_060,BD
GREENWOOD STATION,Greenwood,ST_060,BD
GREENWOOD STATION CARH,Greenwood,ST_060,BD
GREENWOOD T&S BUILDING,Greenwood,ST_060,BD
GREENWOOD TO DONLANDS,Greenwood,ST_060,BD
GREENWOOD TRACK & STRU,Greenwood,ST_060,BD
GREENWOOD TRACK AND ST,Greenwood,ST_060,BD
GREENWOOD TRACK BUILDI,Greenwood,ST_060,BD
GREENWOOD TRACK&STRUCT,Greenwood,ST_060,BD
GREENWOOD TRACK/STRUCT,Greenwood,ST_060,BD
GREENWOOD WOOD,Greenwood,ST_060,BD
GREENWOOD WYE,Greenwood,ST_060,BD
GREENWOOD WYE DEPARTIN,Greenwood,ST_060,BD
GREENWOOD YARD,Greenwood,ST_060,BD
GUNN BUILDING,Davisville,ST_007,YU
GUNN BUILDING - 2ND FL,Davisville,ST_007,YU
GUNN BUILDING - 3RD FL,Davisville,ST_007,YU
GUNN BUILDING - ELEVAT,Davisville,ST_007,YU
GUNN THEATRE,Davisville,ST_007,YU
HARVEY SHOP,Unknown,ST_000,YU
HIGH PARK,High Park,ST_045,BD
HIGH PARK - KEELE,High Park,ST_045,BD
HIGH PARK - KEELE STAT,High Park,ST_045,BD
HIGH PARK AND LANSDOWN,High Park,ST_045,BD
HIGH PARK STAITON,High Park,ST_045,BD
HIGH PARK STATION,High Park,ST_045,BD
HIGH PARK TO KEELE,High Park,ST_045,BD
HIGH PARK TO KEELE STA,High Park,ST_045,BD
HIGHWAY 407 STATION,Highway 407,ST_037,YU
HIGHWAY 407 STATION TO,Highway 407,ST_037,YU
HILLCREST - GUNN BUILD,Davisville,ST_007,YU
HILLCREST - SUBWAY OPE,Davisville,ST_007,YU
HILLCREST COMPLEX,Davisville,ST_007,YU
HILLCREST COMPLEX - IN,Davisville,ST_007,YU
HILLCREST GATE,Davisville,ST_007,YU
HILLCREST POWER CONTRO,Davisville,ST_007,YU
HOSTLER 2 WILSON YARD,Wilson,ST_031,YU
HWY 407 & DOWNSVIEW PA,Sheppard West,ST_032,YU
INGLIS BUILDING,Unknown,ST_000,YU
INTERCHANGE WAY EE,Unknown,ST_000,YU
ISLINGTON AND JANE,Islington,ST_040,BD
ISLINGTON CENTRE TRACK,Islington,ST_040,BD
ISLINGTON STATION,Islington,ST_040,BD
ISLINGTON STATION (APP,Islington,ST_040,BD
ISLINGTON STATION LEAV,Islington,ST_040,BD
ISLINGTON SUBSTATION,Islington,ST_040,BD
ISLINGTON TO COXWELL S,Islington,ST_040,BD
ISLINGTON TO HIGH PARK,Islington,ST_040,BD
ISLINGTON TO KEELE,Islington,ST_040,BD
ISLINGTON TO KIPLING,Islington,ST_040,BD
ISLINGTON TO KIPLING S,Islington,ST_040,BD
ISLINGTON TO KIPLING-,Islington,ST_040,BD
ISLINGTON TO LANSDOWN,Islington,ST_040,BD
ISLINGTON TO OLD MILL,Islington,ST_040,BD
ISLINTON STATION,Islington,ST_040,BD
JANE & RUNNYMEDE STATI,Runnymede,ST_044,BD
JANE AND DUFFERIN,Jane,ST_043,BD
JANE AND HWY 407,Jane,ST_043,BD
JANE STATION,Jane,ST_043,BD
JANE STATION TO KIPLIN,Jane,ST_043,BD
JANE TO KEELE STATIONS,Jane,ST_043,BD
JANE TO OLD MILL,Jane,ST_043,BD
JANE TO OSSINGTON,Jane,ST_043,BD
JANE TO OSSINGTON STAT,Jane,ST_043,BD
JANE TO ST GEORGE STAT,Jane,ST_043,BD
KEELE STATION,Keele,ST_046,BD
KEELE STATION - KIPLIN,Keele,ST_046,BD
KEELE TO OSSINGTON,Keele,ST_046,BD
KEELE YARD,Keele,ST_046,BD
KENENDY STATION,Kennedy,ST_066,BD
KENNDY STATION,Kennedy,ST_066,BD
KENNEDY BD STATION,Kennedy,ST_066,BD
KENNEDY BD STATION (AP,Kennedy,ST_066,BD
KENNEDY BD STATION - P,Kennedy,ST_066,BD
KENNEDY BD STATION APP,Kennedy,ST_066,BD
KENNEDY BD STATION PL,Kennedy,ST_066,BD
KENNEDY BD STATION- PL,Kennedy,ST_066,BD
KENNEDY SRT - LAWRENCE,Kennedy,ST_066,SRT
KENNEDY SRT AND LAWREN,Kennedy,ST_066,BD
KENNEDY SRT STATION,Kennedy,ST_066,SRT
KENNEDY SRT STATION (A,Kennedy,ST_066,BD
KENNEDY SRT STATION (D,Kennedy,ST_066,BD
KENNEDY SRT STATION (E,Kennedy,ST_066,BD
KENNEDY SRT STATION (L,Kennedy,ST_066,BD
KENNEDY SRT STATION -,Kennedy,ST_066,BD
KENNEDY SRT STATION LA,Kennedy,ST_066,BD
KENNEDY SRT STATION TO,Kennedy,ST_066,SRT
KENNEDY SRT TO LAWREN,Kennedy,ST_066,BD
KENNEDY SRT TO LAWRENC,Kennedy,ST_066,BD
KENNEDY STATION,Kennedy,ST_066,BD
KENNEDY STATION TO LAW,Kennedy,ST_066,BD
KENNEDY STATION TO MCC,Kennedy,ST_066,BD
KENNEDY STATION TO WOO,Kennedy,ST_066,BD
KENNEDY TO COXWELL,Kennedy,ST_066,BD
KENNEDY TO KIPLING STA,Kennedy,ST_066,BD
KENNEDY TO LAWREBCE EA,Kennedy,ST_066,BD
KENNEDY TO LAWRENCE EA,Kennedy,ST_066,BD
KENNEDY TO LAWRENCE SR,Kennedy,ST_066,BD
KENNEDY TO MAIN STREET,Kennedy,ST_066,BD
KENNEDY TO MC COWAN ST,Kennedy,ST_066,BD
KENNEDY TO MCCOWAN,Kennedy,ST_066,BD
KENNEDY TO MCCOWAN STA,Kennedy,ST_066,BD
KENNEDY TO VICTORIA PA,Kennedy,ST_066,BD
KENNEDY TO WARDEN,Kennedy,ST_066,BD
KENNEDY TO WARDEN STAT,Kennedy,ST_066,BD
"KENNEDY, DON MILLS, SC",Don Mills,ST_070,SHP
KILPING STATION TO JAN,Kipling,ST_039,BD
KING COMMERCE,King,ST_016,YU
KING COMMERCE COURT,King,ST_016,YU
KING STATION,King,ST_016,YU
KING STATION (200 FEET,King,ST_016,YU
KING STATION (APPROACH,King,ST_016,YU
KING STATION (COMMERCE,King,ST_016,YU
KING STATION APPROACHI,King,ST_016,YU
KING STATION TO EGLINT,King,ST_016,YU
KING STATION TO OSGOOD,King,ST_016,YU
KING STATION TO SPADIN,King,ST_016,YU
KING STATION TO ST. CL,King,ST_016,YU
KING TO COLLEGE,King,ST_016,YU
KING TO OSGOODE,King,ST_016,YU
KING TO OSGOODE STATIO,King,ST_016,YU
KING TO SPADINA,King,ST_016,YU
KING TO ST CLAIR W,King,ST_016,YU
KING TO ST CLAIR WEST,King,ST_016,YU
KING TO UNION,King,ST_016,YU
KING TO UNION STATION,King,ST_016,YU
KING TO UNION STATIONS,King,ST_016,YU
KIPLING & UNION,Kipling,ST_039,BD
KIPLING BD STATION,Kipling,ST_039,BD
KIPLING HUB,Kipling,ST_039,BD
KIPLING PLATFORM # 1,Kipling,ST_039,BD
KIPLING SATION,Kipling,ST_039,BD
KIPLING STATION,Kipling,ST_039,BD
KIPLING STATION (APPRO,Kipling,ST_039,BD
KIPLING STATION (PLATF,Kipling,ST_039,BD
KIPLING STATION - KENN,Kipling,ST_039,BD
KIPLING STATION - PLAT,Kipling,ST_039,BD
KIPLING STATION APPROA,Kipling,ST_039,BD
KIPLING STATION PLATFO,Kipling,ST_039,BD
KIPLING STATION TO COX,Kipling,ST_039,BD
KIPLING STATION TO HIG,Kipling,ST_039,BD
KIPLING STATION TO ISL,Kipling,ST_039,BD
KIPLING STATION TO JAN,Kipling,ST_039,BD
KIPLING STATION TO KEN,Kipling,ST_039,BD
KIPLING TAIL TRACK 2,Kipling,ST_039,BD
KIPLING TO HIGH PARK S,Kipling,ST_039,BD
KIPLING TO ISLINGTON,Kipling,ST_039,BD
KIPLING TO ISLINGTON S,Kipling,ST_039,BD
KIPLING TO ISLINTON ST,Kipling,ST_039,BD
KIPLING TO JANE,Kipling,ST_039,BD
KIPLING TO JANE STATIO,Kipling,ST_039,BD
KIPLING TO KEELE,Kipling,ST_039,BD
KIPLING TO KEELE STATI,Kipling,ST_039,BD
KIPLING TO KENNEDY STA,Kipling,ST_039,BD
KIPLING TO OLD MILL,Kipling,ST_039,BD
KIPLING TO ROYAL YORK,Kipling,ST_039,BD
KIPLING TO UNION STATI,Kipling,ST_039,BD
LAKESHORE AND YORK,Unknown,ST_000,YU
LANDSDOWNE STATION,Lansdowne,ST_048,BD
LANSDOWN TO ISLINGTON,Islington,ST_040,BD
LANSDOWNE STATION,Lansdowne,ST_048,BD
LANSDOWNE STATION AND,Lansdowne,ST_048,BD
LANSDOWNE TO ROYAL YOR,Lansdowne,ST_048,BD
LATE OPENING - ST. GEO,Unknown,ST_000,BD
LAWRECNE WEST TO FINCH,Finch,ST_001,YU
LAWRENCE,Lawrence,ST_005,YU
LAWRENCE - AUTO ENTRAN,Lawrence,ST_005,YU
LAWRENCE EAST - KENNE,Lawrence East,ST_071,SRT
LAWRENCE EAST - KENNED,Lawrence East,ST_071,SRT
LAWRENCE EAST STATION,Lawrence East,ST_071,SRT
LAWRENCE EAST TO KENNE,Lawrence East,ST_071,SRT
LAWRENCE STATION,Lawrence,ST_005,YU
LAWRENCE STATION APPRO,Lawrence,ST_005,YU
LAWRENCE STATION TO ST,Lawrence,ST_005,YU
LAWRENCE STATION TO YO,Lawrence,ST_005,YU
LAWRENCE TO BLOOR STAT,Lawrence,ST_005,YU
LAWRENCE TO EGLINTON,Lawrence,ST_005,YU
LAWRENCE TO ST CLAIR,Lawrence,ST_005,YU
LAWRENCE TO ST CLAIR S,Lawrence,ST_005,YU
LAWRENCE TO ST.CLAIR S,Lawrence,ST_005,YU
LAWRENCE TO YORK MILLS,Lawrence,ST_005,YU
LAWRENCE WEST CENTER T,Lawrence West,ST_029,YU
LAWRENCE WEST CENTRE,Lawrence West,ST_029,YU
LAWRENCE WEST CT,Lawrence West,ST_029,YU
LAWRENCE WEST STATION,Lawrence West,ST_029,YU
LAWRENCE WEST TO FINCH,Lawrence West,ST_029,YU
LAWRENCE WEST TO ST AN,Lawrence West,ST_029,YU
LEASIDE STATION,Unknown,ST_000,BD
LEAVING ISLINGTON,Islington,ST_040,BD
LEAVING PAPE,Pape,ST_058,BD
LEAVING SHEPPARD STATI,Sheppard-Yonge,ST_003,YU
LEAVING SHEPPARD-YONGE,Sheppard-Yonge,ST_003,SHP
LEONA EE,Unknown,ST_000,SHP
LESLIE STATION,Leslie,ST_069,SHP
LESLIE STATION (APPROA,Leslie,ST_069,SHP
LESLIE STATION (ENTERI,Leslie,ST_069,SHP
LESLIE STATION - APPRO,Leslie,ST_069,SHP
LINE 1,Unknown,ST_000,YU
LINE 1 - EARLY ACCESS,Unknown,ST_000,YU
LINE 1 - YONGE - UNIVE,Unknown,ST_000,YU
LINE 1 - YONGE UNIVERS,Unknown,ST_000,YU
LINE 1 - YONGE-UNIVER,Unknown,ST_000,YU
LINE 1 - YONGE-UNIVERI,Unknown,ST_000,YU
LINE 1 - YONGE-UNIVERS,Unknown,ST_000,YU
LINE 1 - YONGE-UNIVSER,Unknown,ST_000,YU
LINE 1 - YONGE/UNIVERS,Unknown,ST_000,YU
LINE 1 BLOOR TO QUEEN,Bloor-Yonge,ST_011,YU
LINE 1 EARLY ACCESS CL,Unknown,ST_000,YU
LINE 1 SUBWAY,Unknown,ST_000,YU
LINE 1 SUBWAY CLOSURE,Unknown,ST_000,YU
LINE 1 YONGE - UNIVERS,Unknown,ST_000,YU
LINE 1 YONGE UNIVERSIT,Unknown,ST_000,YU
LINE 1 YONGE- UNIVERSI,Unknown,ST_000,YU
LINE 1 YONGE-UNIVERIST,Unknown,ST_000,YU
LINE 1 YONGE-UNIVERSIT,Unknown,ST_000,YU
LINE 1 YU,Unknown,ST_000,YU
LINE 1 YUS,Unknown,ST_000,YU
LINE 1 YUS (YORK MILLS,York Mills,ST_004,YU
LINE 1- YONGE UNIVERSI,Unknown,ST_000,YU
LINE 1: YONGE-UNIVERIS,Unknown,ST_000,YU
LINE 1: YONGE-UNIVERSI,Unknown,ST_000,YU
LINE 2,Unknown,ST_000,BD
LINE 2 (BD),Unknown,ST_000,BD
LINE 2 - BD,Unknown,ST_000,BD
LINE 2 - BLOOR - DANFO,Bloor-Yonge,ST_011,YU
LINE 2 - BLOOR DANFORT,Bloor-Yonge,ST_011,YU
LINE 2 - BLOOR-DANFORT,Bloor-Yonge,ST_011,YU
LINE 2 - BLOOR-DANFOTH,Bloor-Yonge,ST_011,YU
LINE 2 BD,Unknown,ST_000,BD
LINE 2 BLOOR - DANFORT,Bloor-Yonge,ST_011,YU
LINE 2 BLOOR / DANFORT,Bloor-Yonge,ST_011,YU
LINE 2 BLOOR DANFORTH,Bloor-Yonge,ST_011,YU
LINE 2 BLOOR- DANFORTH,Bloor-Yonge,ST_011,YU
LINE 2 BLOOR-DANFORTH,Bloor-Yonge,ST_011,YU
LINE 2 OPEN CUT AREAS,Unknown,ST_000,BD
LINE 2- BLOOR DANFORTH,Bloor-Yonge,ST_011,YU
LINE 2: BLOOR-DANFORTH,Bloor-Yonge,ST_011,YU
LINE 3,Unknown,ST_000,SRT
LINE 3 - KENNEDY TO LA,Kennedy,ST_066,BD
LINE 3 - KENNEDY TO MC,Kennedy,ST_066,BD
LINE 3 - SCARBOROUGH R,Scarborough Centre,ST_074,SRT
LINE 3 SCARBOROUGH,Scarborough Centre,ST_074,SRT
LINE 3 SCARBOROUGH SRT,Scarborough Centre,ST_074,SRT
LINE 3 SRT,Unknown,ST_000,SRT
LINE 4,Unknown,ST_000,SRT
LINE 4 SHEPPARD YONGE,Sheppard-Yonge,ST_003,SHP
LINE1 - YONGE-UNIVERSI,Unknown,ST_000,YU
LINE1 - YONGE-UNIVSERS,Unknown,ST_000,YU
LINE1 - YOUNGE-UNIVERS,Bloor-Yonge,ST_011,YU
LOST ARTICLES OFFICE -,Unknown,ST_000,BD
LYTTON EE,Unknown,ST_000,BD
LYTTON EMERGENCY EXIT,Unknown,ST_000,YU
MAC DONALD CARTIER EE,Unknown,ST_000,YU
MACDONALD CARTIER EE,Unknown,ST_000,YU
MACDONALD CARTIER EMER,Unknown,ST_000,YU
MAIN STATION,Main Street,ST_063,BD
MAIN STREET STAITON,Main Street,ST_063,BD
MAIN STREET STATION,Main Street,ST_063,BD
MAIN STREET STATION (A,Main Street,ST_063,BD
MAIN STREET STATION (E,Main Street,ST_063,BD
MAIN TO VICTORIA PARK,Victoria Park,ST_064,BD
MAINLINE STORAGE,Unknown,ST_000,YU
MAINLINE STORAGE LOG,Unknown,ST_000,BD
MARKDALE EE,Unknown,ST_000,YU
MARKDALE EEB,Unknown,ST_000,YU
MARKDALE EMERGENCY EXI,Unknown,ST_000,YU
MASSEY CREEK EE,Unknown,ST_000,BD
MC BRIEN,Davisville,ST_007,YU
MC COWAN STATION,McCowan,ST_075,SRT
MCBRIAN BUILDING,Davisville,ST_007,YU
MCBRIEN BUILDING,Davisville,ST_007,YU
MCCOWAN CARHOUSE,McCowan,ST_075,SRT
MCCOWAN STATION,McCowan,ST_075,SRT
MCCOWAN STATION TO KEN,McCowan,ST_075,SRT
MCCOWAN TO KENNEDY SRT,McCowan,ST_075,SRT
MCCOWAN TO KENNEDY STA,McCowan,ST_075,SRT
MCCOWAN YARD,McCowan,ST_075,SRT
MCDONALD CARTIER EE,Unknown,ST_000,YU
MCDONALD CARTIER EMERG,Unknown,ST_000,YU
MIDLAND APPROACHING,Midland,ST_073,SRT
MIDLAND STATION,Midland,ST_073,SRT
MIDLAND STATION TO ELL,Midland,ST_073,SRT
MIDLAND TO SCARBOROUGH,Midland,ST_073,SRT
MIGRATION POINT,Unknown,ST_000,YU
MIGRATION POINT EGLINT,Eglinton,ST_006,YU
MILL STREET EMERGENCY,Unknown,ST_000,YU
MULTIPLE STATIONS,Unknown,ST_000,YU
MUSEUM ( TUNNEL),Museum,ST_022,YU
MUSEUM - OSGOODE,Osgoode,ST_019,YU
MUSEUM STATION,Museum,ST_022,YU
MUSEUM STATION ST. GEO,Museum,ST_022,YU
MUSEUM STATION TO FINC,Museum,ST_022,YU
MUSEUM TO EGLINTON STA,Museum,ST_022,YU
MUSEUM TO ST ANDREW ST,Museum,ST_022,YU
N/B TOWARDS FINCH,Finch,ST_001,YU
N/END SPADINA TO S/END,Spadina,ST_024,YU
N/END YORK MILLS TO S/,York Mills,ST_004,YU
N/O COLLEGE TO S/END S,College,ST_013,YU
N/O DAVISVILLE STATION,Davisville,ST_007,YU
N/O DUPONT TO N/END ST,Dupont,ST_025,YU
N/O FINCH TO S/O NORT,Finch,ST_001,YU
N/O FINCH TO S/O NORTH,Finch,ST_001,YU
N/O LAWRENCE WEST STAT,Lawrence West,ST_029,YU
N/O SUMMERHILL TO S/O,Summerhill,ST_009,YU
NORTH HOSTLER,Unknown,ST_000,YU
NORTH HOSTLER (LEAVING,Unknown,ST_000,YU
NORTH HOSTLER - FIRE D,Unknown,ST_000,YU
NORTH YORK CENTRE,North York Centre,ST_002,YU
NORTH YORK CENTRE STAT,North York Centre,ST_002,YU
NORTH YORK CTR STATION,North York Centre,ST_002,YU
NORTH YORK CTR TO FINC,North York Centre,ST_002,YU
NORTH YORK CTR TO ST A,North York Centre,ST_002,YU
OLD MILL STATION,Old Mill,ST_042,BD
OLD MILL STATION TO JA,Old Mill,ST_042,BD
OLD MILL TO ROYAL YORK,Old Mill,ST_042,BD
OLD MILLS STATION,Old Mill,ST_042,BD
OPEN CUT AREAS,Unknown,ST_000,YU
OSGOODE POCKET,Osgoode,ST_019,YU
OSGOODE STATION,Osgoode,ST_019,YU
OSGOODE STATION POCKET,Osgoode,ST_019,YU
OSGOODE STATION TO COL,Osgoode,ST_019,YU
OSGOODE TO BLOOR,Osgoode,ST_019,YU
OSGOODE TO COLLEGE,Osgoode,ST_019,YU
OSGOODE TO COLLEGE STA,Osgoode,ST_019,YU
OSSINGTON AND LANSDOWN,Ossington,ST_050,BD
OSSINGTON CENTRE,Ossington,ST_050,BD
OSSINGTON CENTRE TRACK,Ossington,ST_050,BD
OSSINGTON STATION,Ossington,ST_050,BD
OSSINGTON STATION(APPR,Ossington,ST_050,BD
OSSINGTON STATON,Ossington,ST_050,BD
OSSINGTON TO CHESTER,Ossington,ST_050,BD
OSSINGTON TO JANE,Ossington,ST_050,BD
OSSINGTON TO KEELE STA,Ossington,ST_050,BD
OSSINGTON TO PAPE,Ossington,ST_050,BD
OSSINGTON TO ST GEORGE,Ossington,ST_050,BD
PAPE,Pape,ST_058,BD
PAPE STATION,Pape,ST_058,BD
PIONEER VILLAGE AND VA,Pioneer Village,ST_036,YU
PIONEER VILLAGE STATIO,Pioneer Village,ST_036,YU
PIONEER VILLAGE TO VAU,Pioneer Village,ST_036,YU
PLATFORM 2 FINCH,Finch,ST_001,YU
QUEEN AND YONGE,Queen,ST_015,YU
QUEEN QUAY STATION,Queen,ST_015,YU
QUEEN STATION,Queen,ST_015,YU
QUEEN STATION - EAST S,Queen,ST_015,YU
QUEEN STATION TO ST AN,Queen,ST_015,YU
QUEEN TO MUSEUM STATIO,Queen,ST_015,YU
QUEEN'S PARK STATION,Queen's Park,ST_021,YU
QUEEN'S PARK STATION (,Queen's Park,ST_021,YU
QUEEN'S QUAY - UNION,Queen,ST_015,YU
QUEEN'S QUAY STATION,Queen,ST_015,YU
QUEENS PARK STATION,Queen's Park,ST_021,YU
QUEENS QUAY (UNION),Queen,ST_015,YU
QUEENS QUAY ELEAVATOR,Queen,ST_015,YU
QUEENS QUAY ELEVATOR,Queen,ST_015,YU
QUEENS QUAY LOOP,Queen,ST_015,YU
QUEENS QUAY STATION,Queen,ST_015,YU
QUEENS QUAY STATION (,Queen,ST_015,YU
QUEENS' QUAY STATION,Queen,ST_015,YU
ROSEDALE STATION,Rosedale,ST_010,YU
ROSEDALE TO BLOOR,Rosedale,ST_010,YU
ROSEDALE-WELLESLEY STA,Wellesley,ST_012,YU
ROXBOROUGH AND YONGE,Unknown,ST_000,YU
ROYAL YORK AND ISLINGT,Royal York,ST_041,BD
ROYAL YORK STATION,Royal York,ST_041,BD
ROYAL YORK STATION (AP,Royal York,ST_041,BD
ROYAL YORK STATION(APP,Royal York,ST_041,BD
ROYAL YORK TO DONLANDS,Royal York,ST_041,BD
RUNNYMEDE STATION,Runnymede,ST_044,BD
RUSSEL HILL EE - INTRU,Unknown,ST_000,YU
RUSSELL SUBSTATION,Unknown,ST_000,YU
S/E MUSEUM / TO SE SPA,Museum,ST_022,YU
S/O TEDDINGTON TO S/O,Unknown,ST_000,YU
SAFE APP,Unknown,ST_000,BD
SCARBOROUGH CENTRE STA,Scarborough Centre,ST_074,SRT
SCARBOROUGH CTR STATIO,Scarborough Centre,ST_074,SRT
SCARBOROUGH RAPID LINE,Scarborough Centre,ST_074,SRT
SCARBOROUGH RAPID TRAN,Scarborough Centre,ST_074,SRT
SCARBOROUGH RT,Scarborough Centre,ST_074,SRT
SCARBOROUGH SRT,Scarborough Centre,ST_074,SRT
SCARBOROUGH TOWN CENTR,Scarborough Centre,ST_074,SRT
SHEBOURNE STATION,Sherbourne,ST_054,BD
SHEPPARD - EGLINTON ST,Sheppard-Yonge,ST_003,YU
SHEPPARD - YONGE (LINE,Sheppard-Yonge,ST_003,YU
SHEPPARD AND YORK MIL,Sheppard-Yonge,ST_003,YU
SHEPPARD DISTRUBTION,Sheppard-Yonge,ST_003,YU
SHEPPARD HUB,Sheppard-Yonge,ST_003,YU
SHEPPARD LINE,Sheppard-Yonge,ST_003,YU
SHEPPARD SIGNAL POWER,Sheppard-Yonge,ST_003,YU
SHEPPARD STATION,Sheppard-Yonge,ST_003,YU
SHEPPARD STATION - EGL,Sheppard-Yonge,ST_003,YU
SHEPPARD STATION TO CO,Sheppard-Yonge,ST_003,YU
SHEPPARD STATION TO EG,Sheppard-Yonge,ST_003,YU
SHEPPARD SUBSTATION,Sheppard-Yonge,ST_003,YU
SHEPPARD TAIL,Sheppard-Yonge,ST_003,YU
SHEPPARD TO BLOOR,Sheppard-Yonge,ST_003,YU
SHEPPARD TO COLLEGE ST,Sheppard-Yonge,ST_003,YU
SHEPPARD TO EGLINTON,Sheppard-Yonge,ST_003,YU
SHEPPARD TO EGLINTON L,Sheppard-Yonge,ST_003,YU
SHEPPARD TO EGLINTON S,Sheppard-Yonge,ST_003,YU
SHEPPARD TO ST CLAIR S,Sheppard-Yonge,ST_003,YU
SHEPPARD TO ST. CLAIR,Sheppard-Yonge,ST_003,YU
SHEPPARD TO YORK MILLS,Sheppard-Yonge,ST_003,YU
SHEPPARD WEST - FINCH,Sheppard West,ST_032,YU
SHEPPARD WEST - ST CLA,Sheppard West,ST_032,YU
SHEPPARD WEST EE (3940,Sheppard West,ST_032,YU
SHEPPARD WEST SATION,Sheppard West,ST_032,YU
SHEPPARD WEST STATION,Sheppard West,ST_032,YU
SHEPPARD WEST TO FINCH,Sheppard West,ST_032,YU
SHEPPARD WEST TO ST CL,Sheppard West,ST_032,YU
SHEPPARD WEST TO UNION,Sheppard West,ST_032,YU
SHEPPARD WEST TO WILSO,Sheppard West,ST_032,YU
SHEPPARD WYE,Sheppard-Yonge,ST_003,YU
SHEPPARD YONGE STATION,Sheppard-Yonge,ST_003,SHP
SHEPPARD- YONGE STATIO,Sheppard-Yonge,ST_003,SHP
SHEPPARD-YONGE AND DON,Sheppard-Yonge,ST_003,SHP
SHEPPARD-YONGE AND ST,Sheppard-Yonge,ST_003,SHP
SHEPPARD-YONGE LINE 4,Sheppard-Yonge,ST_003,SHP
SHEPPARD-YONGE STATION,Sheppard-Yonge,ST_003,SHP
SHEPPARD-YONGE TAIL TR,Sheppard-Yonge,ST_003,SHP
SHERBOURNE STATION,Sherbourne,ST_054,BD
SHPPARD STATION TO COL,Sheppard-Yonge,ST_003,YU
SINGLE LINE OPERATIONS,Unknown,ST_000,YU
SLOW ZONE LAWRENCE EAS,Lawrence,ST_005,YU
SOUTH BOUND SOUTH OF L,Unknown,ST_000,SRT
SOUTH HOSTLER,Unknown,ST_000,YU
SPADINA AND ADELAIDE,Spadina,ST_024,YU
SPADINA AND DUNDAS,Spadina,ST_024,YU
SPADINA BD STATION,Spadina,ST_024,YU
SPADINA BD STATON,Spadina,ST_024,BD
SPADINA STATION,Spadina,ST_024,BD
SPADINA TO KING,Spadina,ST_024,YU
SPADINA TO ST ANDREW,Spadina,ST_024,YU
SPADINA TO ST ANDREW S,Spadina,ST_024,YU
SPADINA TO ST GEORGE B,Spadina,ST_024,YU
SPADINA TO WILSON STAT,Spadina,ST_024,YU
SPADINA YU STATION,Spadina,ST_024,YU
SPADINA YUS STATION,Spadina,ST_024,YU
SPADINA YUS STATION -,Spadina,ST_024,YU
SRT - LINE 3,Unknown,ST_000,SRT
SRT LINE,Kennedy,ST_066,SRT
SRT LINE 3,Unknown,ST_000,SRT
SRT YARD,McCowan,ST_075,SRT
ST ANDREW,St. Andrew,ST_018,YU
ST ANDREW STATION,St. Andrew,ST_018,YU
ST ANDREW STATION TO O,St. Andrew,ST_018,YU
ST ANDREW STATION TO S,St. Andrew,ST_018,YU
ST ANDREW STATION TO U,St. Andrew,ST_018,YU
ST ANDREW STATON,St. Andrew,ST_018,YU
ST ANDREW TO ST CLAIR,St. Andrew,ST_018,YU
ST ANDREW TO ST GEORGE,St. Andrew,ST_018,YU
ST ANDREW TO UNION,St. Andrew,ST_018,YU
ST CLAIR - FINCH STATI,St. Clair,ST_008,YU
ST CLAIR - ROSEDALE,St. Clair,ST_008,YU
ST CLAIR - YORK MILLS,York Mills,ST_004,YU
ST CLAIR AND UNION STA,St. Clair,ST_008,YU
ST CLAIR E OF YONGE,St. Clair,ST_008,YU
ST CLAIR STAITON,St. Clair,ST_008,YU
ST CLAIR STATION,St. Clair,ST_008,YU
ST CLAIR STATION (APPR,St. Clair,ST_008,YU
ST CLAIR STATION - UPP,St. Clair,ST_008,YU
ST CLAIR STATION TO SH,St. Clair,ST_008,YU
ST CLAIR TO DAVISVILLE,St. Clair,ST_008,YU
ST CLAIR TO FINCH STAT,St. Clair,ST_008,YU
ST CLAIR TO LAWRENCE S,St. Clair,ST_008,YU
ST CLAIR TO ST ANDREW,St. Clair,ST_008,YU
ST CLAIR TO YORK MILLS,St. Clair,ST_008,YU
ST CLAIR WEST STATION,St. Clair West,ST_026,YU
ST CLAIR WEST TO DUPON,St. Clair West,ST_026,YU
ST CLAIR WEST TO KING,St. Clair West,ST_026,YU
ST CLAIR WEST TO ST AN,St. Clair West,ST_026,YU
ST CLAIR WEST TO VMC S,St. Clair West,ST_026,YU
ST GEOGE STATION,St. George,ST_023,YU
ST GEORGE - DUPONT STA,St. George,ST_023,YU
ST GEORGE - LAWRENCE W,Lawrence West,ST_029,YU
ST GEORGE AND BLOOR,St. George,ST_023,YU
ST GEORGE AND WOODBINE,St. George,ST_023,YU
ST GEORGE BD STATION,St. George,ST_023,YU
ST GEORGE BD STATION (,St. George,ST_023,YU
ST GEORGE BD/YU STATIO,St. George,ST_023,BD
ST GEORGE STAION - LE,St. George,ST_023,YU
ST GEORGE STATION,St. George,ST_023,YU
ST GEORGE STATION TO B,St. George,ST_023,YU
ST GEORGE STATION TO S,St. George,ST_023,YU
ST GEORGE TO BAY STATI,St. George,ST_023,YU
ST GEORGE TO BROADVIEW,St. George,ST_023,YU
ST GEORGE TO LAWRENCE,St. George,ST_023,YU
ST GEORGE TO PAPE,St. George,ST_023,YU
ST GEORGE TO QUEENS PA,St. George,ST_023,YU
ST GEORGE TO SHEPPARD,St. George,ST_023,YU
ST GEORGE TO SPADINA,St. George,ST_023,YU
ST GEORGE TO WOODBINE,St. George,ST_023,YU
ST GEORGE YUS STATION,St. George,ST_023,YU
ST PATRICK STATION,St. Patrick,ST_020,YU
ST PATRICK STATION TO,St. Patrick,ST_020,YU
ST. ANDREW STATION,St. Andrew,ST_018,YU
ST. CLAIR AND SHEPPARD,St. Clair,ST_008,YU
ST. CLAIR STATION,St. Clair,ST_008,YU
ST. CLAIR STATION (APP,St. Clair,ST_008,YU
ST. CLAIR STATION TO S,St. Clair,ST_008,YU
ST. CLAIR TO BLOOR,St. Clair,ST_008,YU
ST. CLAIR TO COLLEGE S,St. Clair,ST_008,YU
ST. CLAIR WEST,St. Clair West,ST_026,YU
ST. CLAIR WEST - KING,St. Clair West,ST_026,YU
ST. CLAIR WEST STATION,St. Clair West,ST_026,YU
ST. CLAIR WEST TO SHEP,St. Clair West,ST_026,YU
ST. CLAIR WEST TO ST.,St. Clair West,ST_026,YU
ST. GEORGE STATION,St. George,ST_023,YU
ST. GEORGE TO ST. ANDR,St. George,ST_023,YU
ST. PATRICK STATION,St. Patrick,ST_020,YU
ST.GEORGE STATION YU,St. George,ST_023,YU
STATION,Unknown,ST_000,YU
STC,Scarborough Centre,ST_074,SRT
STR. CLAIR WEST STATIO,St. Clair West,ST_026,YU
SUBWAY CLOSURE,Unknown,ST_000,BD
SUBWAY CLOSURE BLOOR-D,Bloor-Yonge,ST_011,YU
SUBWAY CLOSURE EARLY A,Unknown,ST_000,YU
SUBWAY CLOSURE: EARLY,Unknown,ST_000,YU
SUBWAY CLOSURE: KIPLIN,Unknown,ST_000,BD
SUBWAY CLOSURE: LAWREN,Unknown,ST_000,YU
SUBWAY CLOSURE: ST GEO,Unknown,ST_000,YU
SUBWAY CLOSURE: WARDEN,Warden,ST_065,BD
SUBWAY CLOSURE: WEEKEN,Unknown,ST_000,YU
SUBWAY CLOSURE: WOODBI,Unknown,ST_000,BD
SUBWAY LINE 1 YONGE -,Unknown,ST_000,YU
SUBWAY OPS BUILDING,Unknown,ST_000,YU
SUBWAY: LINE 1 (YONGE-,Unknown,ST_000,YU
SUMMER HILL STATION,Summerhill,ST_009,YU
SUMMERHILL STATION,Summerhill,ST_009,YU
SUMMERHILL STATION TO,Summerhill,ST_009,YU
SUMMERHILL TO BLOOR,Summerhill,ST_009,YU
SYSTEM WIDE,Unknown,ST_000,YU
SYSTEMWIDE,Unknown,ST_000,SHP
TEDDINGTON EE,Unknown,ST_000,YU
THE POND EMERGENCY EXI,Unknown,ST_000,YU
TMU STATION,Dundas,ST_014,YU
TMU STATION (APPROACHI,Dundas,ST_014,YU
TORO RD EE,Unknown,ST_000,YU
TORONTO TRANIST COMMIS,Unknown,ST_000,YU
TORONTO TRANSIC COMMIS,Unknown,ST_000,SRT
TORONTO TRANSIT COMMII,Unknown,ST_000,YU
TORONTO TRANSIT COMMIS,Unknown,ST_000,SHP
TORONTO TRANSIT CONTRO,Unknown,ST_000,BD
TOROTOTO TRANSIT COMMI,Unknown,ST_000,SHP
TRACK LEVEL ACTIVITY,Unknown,ST_000,YU
TRANSIT CONTROL,Unknown,ST_000,YU
TRANSIT CONTROL CENTRE,Unknown,ST_000,YU
UNION,Union,ST_017,YU
UNION (TO FINCH),Finch,ST_001,YU
UNION - KING,Union,ST_017,YU
UNION - TO ST ANDREW,St. Andrew,ST_018,YU
UNION - UNIVERSITY,Union,ST_017,YU
UNION AND DOWNSVIEW,Union,ST_017,YU
UNION AND HIGHWAY 407,Union,ST_017,YU
UNION AND LESLIE,Union,ST_017,YU
UNION CENTRE TRACK,Union,ST_017,YU
UNION HUB,Union,ST_017,YU
UNION STATION,Union,ST_017,YU
UNION STATION ( TOWARD,Union,ST_017,YU
UNION STATION (ST ANDR,Union,ST_017,YU
UNION STATION (TO KING,Union,ST_017,YU
UNION STATION (TO ST A,Union,ST_017,YU
UNION STATION (TO ST.A,Union,ST_017,YU
UNION STATION (TOWARD,Union,ST_017,YU
UNION STATION (TOWARDS,Union,ST_017,YU
UNION STATION (YONGE L,Union,ST_017,YU
UNION STATION - FINCH,Union,ST_017,YU
UNION STATION - HUB,Union,ST_017,YU
UNION STATION - KING,Union,ST_017,YU
UNION STATION - KING S,Union,ST_017,YU
UNION STATION - NB TO,Union,ST_017,YU
UNION STATION - ST AND,Union,ST_017,YU
UNION STATION - TO KIN,Union,ST_017,YU
UNION STATION - TOWARD,Union,ST_017,YU
UNION STATION BROOKFIE,Union,ST_017,YU
UNION STATION FROM KIN,Union,ST_017,YU
UNION STATION HUB,Union,ST_017,YU
UNION STATION TO FINCH,Union,ST_017,YU
UNION STATION TO KING,Union,ST_017,YU
UNION STATION TO ST A,Union,ST_017,YU
UNION STATION TO ST AN,Union,ST_017,YU
UNION STATION TO ST. A,Union,ST_017,YU
UNION STATION TO VMC,Union,ST_017,YU
UNION STATION TOWARD K,Union,ST_017,YU
UNION STATION TOWARD S,Union,ST_017,YU
UNION STATION TOWARDS,Union,ST_017,YU
UNION STATION(TOWARD K,Union,ST_017,YU
UNION STATION- ST ANDR,Union,ST_017,YU
UNION STATION--ST ANDR,Union,ST_017,YU
UNION STATION-KING,Union,ST_017,YU
UNION TO BLOOR,Union,ST_017,YU
UNION TO FINCH,Union,ST_017,YU
UNION TO FINCH STATION,Union,ST_017,YU
UNION TO KING,Union,ST_017,YU
UNION TO KING STATION,Union,ST_017,YU
UNION TO KING STATIONS,Union,ST_017,YU
UNION TO SHEPPARD WEST,Union,ST_017,YU
UNION TO ST ANDREW,Union,ST_017,YU
UNION TO ST ANDREW STA,Union,ST_017,YU
UNION TO ST. ANDREW,Union,ST_017,YU
UNION TO ST. ANDREW ST,Union,ST_017,YU
UNION TO WILSON,Union,ST_017,YU
UNION TOWARDS TO KING,Union,ST_017,YU
UNIVERSITY AND QUEEN,Queen,ST_015,YU
UNKNOWN LOCATION,Unknown,ST_000,YU
VARIOUS LOCATION,Unknown,ST_000,YU
VARIOUS LOCATIONS,Unknown,ST_000,YU
VARIOUS LOCATIONS LINE,Unknown,ST_000,YU
VARIOUS STATIONS,Unknown,ST_000,YU
VARIOUS STATIONS - SYS,Unknown,ST_000,YU
VAUGHAN MC STATION,Vaughan Metropolitan Centre,ST_038,YU
VAUGHAN MC STATION (PL,Vaughan Metropolitan Centre,ST_038,YU
VAUGHAN MC STATION TO,Vaughan Metropolitan Centre,ST_038,YU
VAUGHAN MC TO FINCH ST,Vaughan Metropolitan Centre,ST_038,YU
VAUGHAN MC TO FINCH WE,Vaughan Metropolitan Centre,ST_038,YU
VAUGHAN MC TO MUSEUM S,Vaughan Metropolitan Centre,ST_038,YU
VIADUCT,Unknown,ST_000,BD
VICTORIA PARK - WARDEN,Victoria Park,ST_064,BD
VICTORIA PARK STATION,Victoria Park,ST_064,BD
VICTORIA PARK STATION-,Victoria Park,ST_064,BD
VICTORIA PARK TO KENNE,Victoria Park,ST_064,BD
VICTORIA PARK TO WARDE,Victoria Park,ST_064,BD
VMC - ST CLAIR,St. Clair,ST_008,YU
VMC AND FINCH WEST STA,Vaughan Metropolitan Centre,ST_038,YU
VMC STATION,Vaughan Metropolitan Centre,ST_038,YU
VMC STATION ( PLAT 2 ),Vaughan Metropolitan Centre,ST_038,YU
VMC STATION (ENTERING),Vaughan Metropolitan Centre,ST_038,YU
VMC STATION (PLAT 1),Vaughan Metropolitan Centre,ST_038,YU
VMC STATION (PLATFORM,Vaughan Metropolitan Centre,ST_038,YU
VMC STATION (PLATFORM),Vaughan Metropolitan Centre,ST_038,YU
VMC STATION - PLAT 1,Vaughan Metropolitan Centre,ST_038,YU
VMC STATION PL 1,Vaughan Metropolitan Centre,ST_038,YU
VMC STATION PL 2,Vaughan Metropolitan Centre,ST_038,YU
VMC STATION PLAT 1,Vaughan Metropolitan Centre,ST_038,YU
VMC STATION PLAT 2,Vaughan Metropolitan Centre,ST_038,YU
VMC STATION- PLAT 2,Vaughan Metropolitan Centre,ST_038,YU
VMC TO EGLINTON STATIO,Vaughan Metropolitan Centre,ST_038,YU
VMC TO LAWRENCE,Vaughan Metropolitan Centre,ST_038,YU
W/O WARDEN TO E/O KENN,Warden,ST_065,BD
WARDEN AND ST CLAIR,Warden,ST_065,BD
WARDEN STATION,Warden,ST_065,BD
WARDEN STATION (APPROA,Warden,ST_065,BD
WARDEN STATION (DEPART,Warden,ST_065,BD
WARDEN STATION (ENTERI,Warden,ST_065,BD
WARDEN STATION (LEAVIN,Warden,ST_065,BD
WARDEN TO KENNEDY,Warden,ST_065,BD
WARDEN TO VICTORIA PAR,Warden,ST_065,BD
WEEKEND CLOSURE - WOOD,Unknown,ST_000,BD
WEEKEND CLOSURE ISLING,Unknown,ST_000,BD
WEEKEND CLOSURE SHEPPA,Unknown,ST_000,YU
WEEKEND CLOSURE- ST AN,Unknown,ST_000,YU
WEEKEND CLOSURE- ST GE,Unknown,ST_000,YU
WELBECK,Unknown,ST_000,SHP
WELBECK EE,Unknown,ST_000,YU
WELLBECK EE,Unknown,ST_000,SHP
WELLESLEY STATION,Wellesley,ST_012,YU
WELLSELEY STATION,Wellesley,ST_012,YU
WILFRED EE,Unknown,ST_000,SHP
WILFRED EEB,Unknown,ST_000,SHP
WILFRED EMERGENCY EXIT,Unknown,ST_000,SHP
WILSON CAR HOUSE,Wilson,ST_031,YU
WILSON CARHOUSE,Wilson,ST_031,YU
WILSON DIVISION,Wilson,ST_031,YU
WILSON GARAGE,Wilson,ST_031,YU
WILSON HOLSER,Wilson,ST_031,YU
WILSON HOSTLER,Wilson,ST_031,YU
WILSON HOSTLER - 2,Wilson,ST_031,YU
WILSON HOSTLER 2,Wilson,ST_031,YU
WILSON HUSTLER ONE,Wilson,ST_031,YU
WILSON NORTH HOSTLER,Wilson,ST_031,YU
WILSON PLANT T&S,Wilson,ST_031,YU
WILSON SOUTH HOSLER,Wilson,ST_031,YU
WILSON SOUTH HOSTLER,Wilson,ST_031,YU
WILSON STATION,Wilson,ST_031,YU
WILSON STATION APPROAC,Wilson,ST_031,YU
WILSON T & S,Wilson,ST_031,YU
WILSON T&S BUILDING,Wilson,ST_031,YU
WILSON TO LAWRENCE WES,Wilson,ST_031,YU
WILSON TO SHEPPARD WES,Wilson,ST_031,YU
WILSON TO ST CLAIR STA,Wilson,ST_031,YU
WILSON TRACK & STRUCTU,Wilson,ST_031,YU
WILSON TRACK AND STRUC,Wilson,ST_031,YU
WILSON TRAINING CENTER,Wilson,ST_031,YU
WILSON TRAINING CENTRE,Wilson,ST_031,YU
WILSON YARD,Wilson,ST_031,YU
WILSON YARD (TRACK 43),Wilson,ST_031,YU
WILSON YARD - 26 TRACK,Wilson,ST_031,YU
WILSON YARD - NORTH HO,Wilson,ST_031,YU
WILSON YARD - WALKWAY,Wilson,ST_031,YU
WILSON YARD CARHOUSE,Wilson,ST_031,YU
WILSON YARD HOSTLER #2,Wilson,ST_031,YU
WILSON YARD HOSTLER 2,Wilson,ST_031,YU
WILSON YARD TRACK 3,Wilson,ST_031,YU
WILSON YARD- WILSON GA,Wilson,ST_031,YU
WISLON STATION,Wilson,ST_031,YU
WOODBINE - KENNEDY,Woodbine,ST_062,BD
WOODBINE STATION,Woodbine,ST_062,BD
WOODBINE STATION (APPR,Woodbine,ST_062,BD
WOODBINE STATION (LEAV,Woodbine,ST_062,BD
WOODBINE STATION LEAVI,Woodbine,ST_062,BD
WOODBINE STATION TO BR,Woodbine,ST_062,BD
WOODBINE STATION TO CO,Woodbine,ST_062,BD
WOODBINE STATION TO KE,Woodbine,ST_062,BD
WOODBINE TO BROADVIEW,Woodbine,ST_062,BD
WOODBINE TO COXWELL,Woodbine,ST_062,BD
WOODBINE TO KENNEDY,Woodbine,ST_062,BD
WOODBINE TO KENNEDY ST,Woodbine,ST_062,BD
YONGE,Unknown,ST_000,BD
YONGE & BLOOR STATION,Bloor-Yonge,ST_011,YU
YONGE - UNIVERSITY AND,Bloor-Yonge,ST_011,YU
YONGE - UNIVERSITY LIN,Unknown,ST_000,YU
YONGE - UNIVERSITY SUB,Unknown,ST_000,YU
YONGE - UNIVERSITY- SP,Unknown,ST_000,YU
YONGE - UNIVERSITY/BLO,Unknown,ST_000,YU
YONGE -UNIVERSITY AND,Unknown,ST_000,YU
YONGE / UNIVERSITY / S,Unknown,ST_000,YU
YONGE / UNIVERSITY LIN,Unknown,ST_000,YU
YONGE AND BLOOR,Bloor-Yonge,ST_011,YU
YONGE AND BLOOR STATIO,Bloor-Yonge,ST_011,YU
YONGE AND DUNDAS,Dundas,ST_014,YU
YONGE AND EGLINTON (EG,Eglinton,ST_006,YU
YONGE AND SHEPPARD,Sheppard-Yonge,ST_003,YU
YONGE AND UNIVERSITY S,Unknown,ST_000,YU
YONGE BD STATION,Bloor-Yonge,ST_011,BD
YONGE BD STATION (LEAV,Bloor-Yonge,ST_011,BD
YONGE BD STATION (ON R,Bloor-Yonge,ST_011,BD
YONGE BD STATION TO CO,Bloor-Yonge,ST_011,BD
YONGE BD TO PAPE STATI,Bloor-Yonge,ST_011,BD
YONGE SHEPPARD STATION,Sheppard-Yonge,ST_003,YU
YONGE SHEPPARD TO EGLI,Sheppard-Yonge,ST_003,YU
YONGE STATION,Bloor-Yonge,ST_011,BD
YONGE STATION TO CHEST,Unknown,ST_000,BD
YONGE STATION TO GREEN,Unknown,ST_000,BD
YONGE UNIVERISTY LINE,Unknown,ST_000,YU
YONGE UNIVERISTY SUBWA,Unknown,ST_000,YU
YONGE UNIVERSITTY - BL,Unknown,ST_000,YU
YONGE UNIVERSITY,Unknown,ST_000,YU
YONGE UNIVERSITY - BLO,Unknown,ST_000,YU
YONGE UNIVERSITY - SPA,Unknown,ST_000,YU
YONGE UNIVERSITY / BLO,Unknown,ST_000,YU
YONGE UNIVERSITY AND B,Bloor-Yonge,ST_011,YU
YONGE UNIVERSITY BLOOR,Bloor-Yonge,ST_011,YU
YONGE UNIVERSITY LINE,Bloor-Yonge,ST_011,YU
YONGE UNIVERSITY LINE/,Unknown,ST_000,YU
YONGE UNIVERSITY SPADI,Bloor-Yonge,ST_011,YU
YONGE UNIVERSITY SUBWA,Bloor-Yonge,ST_011,YU
"YONGE UNIVERSITY, LINE",Unknown,ST_000,YU
YONGE UNIVERSITY/ BLOO,Unknown,ST_000,YU
YONGE UNIVERSITY/BLOOR,Bloor-Yonge,ST_011,YU
YONGE UNIVERSTY SUBWAY,Unknown,ST_000,YU
YONGE UNIVERVISTY SUBW,Unknown,ST_000,YU
YONGE UNIVESITY LINE,Bloor-Yonge,ST_011,YU
YONGE UNIVESITY LINE 1,Unknown,ST_000,YU
YONGE UNIVRESITY/BLOOR,Bloor-Yonge,ST_011,YU
YONGE- UNIVERSITY AND,Bloor-Yonge,ST_011,YU
YONGE- UNIVERSITY SPAD,Unknown,ST_000,YU
YONGE- UNIVERSTIY AND,Unknown,ST_000,YU
YONGE-BLOOR,Bloor-Yonge,ST_011,YU
YONGE-DUNDAS SQUARE,Dundas,ST_014,YU
YONGE-SHEPPARD STATION,Sheppard-Yonge,ST_003,YU
YONGE-UNIVERISTY & BLO,Unknown,ST_000,YU
YONGE-UNIVERISTY AND B,Unknown,ST_000,YU
YONGE-UNIVERISTY-SPADI,Unknown,ST_000,YU
YONGE-UNIVERSITY,Unknown,ST_000,YU
YONGE-UNIVERSITY & BLO,Unknown,ST_000,YU
YONGE-UNIVERSITY AND B,Bloor-Yonge,ST_011,YU
YONGE-UNIVERSITY LINE,Bloor-Yonge,ST_011,YU
YONGE-UNIVERSITY SPADI,Unknown,ST_000,YU
YONGE-UNIVERSITY SUBWA,Bloor-Yonge,ST_011,YU
YONGE-UNIVERSITY-SPADI,Bloor-Yonge,ST_011,YU
YONGE-UNIVERSITY/BLOOR,Bloor-Yonge,ST_011,YU
YONGE-UNIVERSTY AND BL,Unknown,ST_000,YU
YONGE/SHEPPARD,Sheppard-Yonge,ST_003,YU
YONGE/UNIVERSITY - LIN,Unknown,ST_000,YU
YONGE/UNIVERSITY AND B,Bloor-Yonge,ST_011,YU
YONGE/UNIVERSITY LINE,Unknown,ST_000,YU
YONGE/UNIVERSITY SUBWA,Unknown,ST_000,YU
YONGE/UNIVERSITY/SPADI,Unknown,ST_000,YU
YORK MILLS (APPROACHIN,York Mills,ST_004,YU
YORK MILLS AND EGLINTO,York Mills,ST_004,YU
YORK MILLS CENTRE TRAC,York Mills,ST_004,YU
YORK MILLS STATION,York Mills,ST_004,YU
YORK MILLS STATION (AP,York Mills,ST_004,YU
YORK MILLS STATION (EN,York Mills,ST_004,YU
YORK MILLS STATION - C,York Mills,ST_004,YU
YORK MILLS STATION TO,York Mills,ST_004,YU
YORK MILLS STATION(APP,York Mills,ST_004,YU
YORK MILLS TO EGLINTON,York Mills,ST_004,YU
YORK MILLS TO SHEPPARD,York Mills,ST_004,YU
YORK MILLS TO ST CLAIR,York Mills,ST_004,YU
YORK MILLS TO ST. CLAI,York Mills,ST_004,YU
YORK UNIVERISTY STATIO,York University,ST_035,YU
YORK UNIVERISTY TO PIO,York University,ST_035,YU
YORK UNIVERSITY,York University,ST_035,YU
YORK UNIVERSITY STATIO,York University,ST_035,YU
YORKDALE STATION,Yorkdale,ST_030,YU
YORKDALE TO LAWRENCE W,Yorkdale,ST_030,YU
YORKDALE TO WILSON,Yorkdale,ST_030,YU
YORKDLAE STATION,Yorkdale,ST_030,YU
YOUNG UNIVERSITY LINE,Bloor-Yonge,ST_011,YU
YOUNG UNIVERSITY SPADI,Bloor-Yonge,ST_011,YU
YOUNG-UNIVERSITY-SPADI,Bloor-Yonge,ST_011,YU
YOUNGE UNIVERSITY LINE,Bloor-Yonge,ST_011,YU
YOUNGE UNIVERSITY SPAD,Bloor-Yonge,ST_011,YU
YOUNGE-UNIVERSITY-SPAD,Bloor-Yonge,ST_011,YU
YU & BD LINES,Unknown,ST_000,YU
YU- YONGE-UNIVERSITY S,Unknown,ST_000,YU
YU-ST CLAIR STATION TO,St. Clair,ST_008,YU
YU/BD,Unknown,ST_000,YU
YUS AND BLOOR DANFORTH,Bloor-Yonge,ST_011,YU
YUS/ BD,Unknown,ST_000,YU
